{"v":"5.4.3","fr":30,"ip":0,"op":120,"w":128,"h":128,"nm":"preview","ddd":0,"assets":[{"id":"comp_0","layers":[{"ddd":0,"ind":1,"ty":4,"nm":"confirm Outlines","sr":1,"ks":{"o":{"a":0,"k":100,"ix":11},"r":{"a":1,"k":[{"i":{"x":[0.667],"y":[1]},"o":{"x":[0.333],"y":[0]},"n":["0p667_1_0p333_0"],"t":54,"s":[180],"e":[368]},{"i":{"x":[0.667],"y":[1]},"o":{"x":[0.333],"y":[0]},"n":["0p667_1_0p333_0"],"t":62,"s":[368],"e":[356]},{"i":{"x":[0.667],"y":[1]},"o":{"x":[0.333],"y":[0]},"n":["0p667_1_0p333_0"],"t":67,"s":[356],"e":[362]},{"i":{"x":[0.667],"y":[1]},"o":{"x":[0.167],"y":[0]},"n":["0p667_1_0p167_0"],"t":71,"s":[362],"e":[359]},{"i":{"x":[0.667],"y":[1]},"o":{"x":[0.167],"y":[0]},"n":["0p667_1_0p167_0"],"t":74,"s":[359],"e":[360]},{"t":77}],"ix":10},"p":{"a":0,"k":[128,128,0],"ix":2},"a":{"a":0,"k":[24,24,0],"ix":1},"s":{"a":1,"k":[{"i":{"x":[0.667,0.667,0.667],"y":[1,1,1]},"o":{"x":[0.333,0.333,0.333],"y":[0,0,0]},"n":["0p667_1_0p333_0","0p667_1_0p333_0","0p667_1_0p333_0"],"t":54,"s":[100,100,100],"e":[200,200,100]},{"i":{"x":[0.667,0.667,0.667],"y":[1,1,1]},"o":{"x":[0.167,0.167,0.167],"y":[0,0,0]},"n":["0p667_1_0p167_0","0p667_1_0p167_0","0p667_1_0p167_0"],"t":62,"s":[200,200,100],"e":[200,200,100]},{"i":{"x":[0.833,0.833,0.833],"y":[1,1,1]},"o":{"x":[0.167,0.167,0.167],"y":[0,0,0]},"n":["0p833_1_0p167_0","0p833_1_0p167_0","0p833_1_0p167_0"],"t":95,"s":[200,200,100],"e":[100,100,100]},{"t":99}],"ix":6}},"ao":0,"shapes":[{"ty":"gr","it":[{"ind":0,"ty":"sh","ix":1,"ks":{"a":1,"k":[{"i":{"x":0.667,"y":1},"o":{"x":0.333,"y":0},"n":"0p667_1_0p333_0","t":90,"s":[{"i":[[-0.408,-0.413],[0,0],[-0.407,0.413],[0,0],[0.407,0.413],[0,0],[0.407,-0.412],[0,0],[0,0],[0.407,-0.413],[0,0]],"o":[[0,0],[0.407,0.413],[0,0],[0.407,-0.412],[0,0],[-0.408,-0.412],[0,0],[0,0],[-0.407,-0.413],[0,0],[-0.408,0.413]],"v":[[-15.694,3.946],[-7.057,12.69],[-5.582,12.69],[15.695,-8.852],[15.695,-10.346],[13.379,-12.691],[11.903,-12.691],[-6.319,5.758],[-11.902,0.107],[-13.377,0.107],[-15.694,2.452]],"c":true}],"e":[{"i":[[-0.368,-0.019],[0,0],[-0.293,0.091],[0,0],[-0.07,0.143],[0,0],[0.035,-0.012],[0,0],[0,0],[-0.058,-0.029],[0,0]],"o":[[0,0],[0.057,0.028],[0,0],[-0.007,-0.023],[0,0],[-0.004,-0.075],[0,0],[0,0],[-0.16,0.025],[0,0],[0.007,0.126]],"v":[[-20.366,2.956],[-6.057,1.737],[-6.02,1.737],[9.133,0.57],[9.445,0.638],[9.441,-0.019],[9.09,-0.144],[-6.069,-1.633],[-20.324,-2.9],[-20.488,-2.784],[-20.491,2.811]],"c":true}]},{"t":95}],"ix":2},"nm":"Path 1","mn":"ADBE Vector Shape - Group","hd":false},{"ty":"fl","c":{"a":0,"k":[1,1,1,1],"ix":4},"o":{"a":0,"k":100,"ix":5},"r":1,"bm":0,"nm":"Fill 1","mn":"ADBE Vector Graphic - Fill","hd":false},{"ty":"tr","p":{"a":0,"k":[24,24],"ix":2},"a":{"a":0,"k":[0,0],"ix":1},"s":{"a":0,"k":[100,100],"ix":3},"r":{"a":0,"k":0,"ix":6},"o":{"a":0,"k":100,"ix":7},"sk":{"a":0,"k":0,"ix":4},"sa":{"a":0,"k":0,"ix":5},"nm":"Transform"}],"nm":"Group 1","np":2,"cix":2,"bm":0,"ix":1,"mn":"ADBE Vector Group","hd":false}],"ip":54,"op":99,"st":34,"bm":0},{"ddd":0,"ind":2,"ty":4,"nm":"send Outlines 2","sr":1,"ks":{"o":{"a":0,"k":100,"ix":11},"r":{"a":0,"k":0,"ix":10},"p":{"a":1,"k":[{"i":{"x":0.667,"y":1},"o":{"x":0.333,"y":0},"n":"0p667_1_0p333_0","t":35,"s":[128,128,0],"e":[188,128,0],"to":[10,0,0],"ti":[-26.6666660308838,0,0]},{"i":{"x":0.667,"y":1},"o":{"x":0.333,"y":0},"n":"0p667_1_0p333_0","t":50,"s":[188,128,0],"e":[288,128,0],"to":[26.6666660308838,0,0],"ti":[-16.6666660308838,0,0]},{"t":57}],"ix":2},"a":{"a":0,"k":[12,12,0],"ix":1},"s":{"a":0,"k":[400,400,100],"ix":6}},"ao":0,"shapes":[{"ty":"gr","it":[{"ind":0,"ty":"sh","ix":1,"ks":{"a":0,"k":{"i":[[0,-0.624],[0,0],[-0.207,-0.016],[0,0],[0,0],[-0.001,-0.208],[0,0],[-0.558,0.28],[0,0],[0.619,0.31],[0,0]],"o":[[0,0],[-0.001,0.208],[0,0],[0,0],[-0.207,0.016],[0,0],[0,0.624],[0,0],[0.619,-0.309],[0,0],[-0.558,-0.279]],"v":[[-10.068,-9.161],[-10.076,-1.538],[-9.71,-1.141],[4.949,-0.001],[-9.71,1.139],[-10.076,1.536],[-10.068,9.16],[-8.854,9.91],[9.458,0.751],[9.458,-0.751],[-8.854,-9.911]],"c":true},"ix":2},"nm":"Path 1","mn":"ADBE Vector Shape - Group","hd":false},{"ty":"fl","c":{"a":0,"k":[1,1,1,1],"ix":4},"o":{"a":0,"k":100,"ix":5},"r":1,"bm":0,"nm":"Fill 1","mn":"ADBE Vector Graphic - Fill","hd":false},{"ty":"tr","p":{"a":0,"k":[12.077,12],"ix":2},"a":{"a":0,"k":[0,0],"ix":1},"s":{"a":0,"k":[100,100],"ix":3},"r":{"a":0,"k":0,"ix":6},"o":{"a":0,"k":100,"ix":7},"sk":{"a":0,"k":0,"ix":4},"sa":{"a":0,"k":0,"ix":5},"nm":"Transform"}],"nm":"Group 1","np":2,"cix":2,"bm":0,"ix":1,"mn":"ADBE Vector Group","hd":false}],"ip":28,"op":57,"st":25,"bm":0},{"ddd":0,"ind":3,"ty":4,"nm":"send Outlines","sr":1,"ks":{"o":{"a":0,"k":100,"ix":11},"r":{"a":0,"k":0,"ix":10},"p":{"a":0,"k":[128,128,0],"ix":2},"a":{"a":0,"k":[12,12,0],"ix":1},"s":{"a":0,"k":[400,400,100],"ix":6}},"ao":0,"shapes":[{"ty":"gr","it":[{"ind":0,"ty":"sh","ix":1,"ks":{"a":0,"k":{"i":[[0,-0.624],[0,0],[-0.207,-0.016],[0,0],[0,0],[-0.001,-0.208],[0,0],[-0.558,0.28],[0,0],[0.619,0.31],[0,0]],"o":[[0,0],[-0.001,0.208],[0,0],[0,0],[-0.207,0.016],[0,0],[0,0.624],[0,0],[0.619,-0.309],[0,0],[-0.558,-0.279]],"v":[[-10.068,-9.161],[-10.076,-1.538],[-9.71,-1.141],[4.949,-0.001],[-9.71,1.139],[-10.076,1.536],[-10.068,9.16],[-8.854,9.91],[9.458,0.751],[9.458,-0.751],[-8.854,-9.911]],"c":true},"ix":2},"nm":"Path 1","mn":"ADBE Vector Shape - Group","hd":false},{"ty":"fl","c":{"a":0,"k":[0.20392156862745098,0.5647058823529412,0.8627450980392157,1],"ix":4},"o":{"a":0,"k":100,"ix":5},"r":1,"bm":0,"nm":"Fill 1","mn":"ADBE Vector Graphic - Fill","hd":false},{"ty":"tr","p":{"a":0,"k":[12.077,12],"ix":2},"a":{"a":0,"k":[0,0],"ix":1},"s":{"a":0,"k":[100,100],"ix":3},"r":{"a":0,"k":0,"ix":6},"o":{"a":0,"k":100,"ix":7},"sk":{"a":0,"k":0,"ix":4},"sa":{"a":0,"k":0,"ix":5},"nm":"Transform"}],"nm":"Group 1","np":2,"cix":2,"bm":0,"ix":1,"mn":"ADBE Vector Group","hd":false}],"ip":0,"op":28,"st":-5,"bm":0},{"ddd":0,"ind":4,"ty":4,"nm":"send Outlines","sr":1,"ks":{"o":{"a":0,"k":100,"ix":11},"r":{"a":0,"k":0,"ix":10},"p":{"a":1,"k":[{"i":{"x":0.667,"y":1},"o":{"x":0.333,"y":0},"n":"0p667_1_0p333_0","t":90,"s":[128,128,0],"e":[138,128,0],"to":[1.66666662693024,0,0],"ti":[-1.66666662693024,0,0]},{"t":96}],"ix":2},"a":{"a":0,"k":[0,0,0],"ix":1},"s":{"a":1,"k":[{"i":{"x":[0.667,0.667,0.667],"y":[1,1,1]},"o":{"x":[0.333,0.333,0.333],"y":[0,0,0]},"n":["0p667_1_0p333_0","0p667_1_0p333_0","0p667_1_0p333_0"],"t":28,"s":[40,40,100],"e":[110,110,100]},{"i":{"x":[0.667,0.667,0.667],"y":[1,1,1]},"o":{"x":[0.333,0.333,0.333],"y":[0,0,0]},"n":["0p667_1_0p333_0","0p667_1_0p333_0","0p667_1_0p333_0"],"t":35,"s":[110,110,100],"e":[100,100,100]},{"i":{"x":[0.667,0.667,0.667],"y":[1,1,1]},"o":{"x":[0.333,0.333,0.333],"y":[0,0,0]},"n":["0p667_1_0p333_0","0p667_1_0p333_0","0p667_1_0p333_0"],"t":39,"s":[100,100,100],"e":[100,100,100]},{"i":{"x":[0.833,0.833,0.833],"y":[1,1,1]},"o":{"x":[0.333,0.333,0.333],"y":[0,0,0]},"n":["0p833_1_0p333_0","0p833_1_0p333_0","0p833_1_0p333_0"],"t":90,"s":[100,100,100],"e":[17,17,100]},{"t":96}],"ix":6}},"ao":0,"shapes":[{"ty":"gr","it":[{"ind":0,"ty":"sh","ix":1,"ks":{"a":1,"k":[{"i":{"x":0.667,"y":1},"o":{"x":0.333,"y":0},"n":"0p667_1_0p333_0","t":41,"s":[{"i":[[0,-9.941],[9.941,0],[0,9.941],[-9.941,0]],"o":[[0,9.941],[-9.941,0],[0,-9.941],[9.941,0]],"v":[[18,0],[0,18],[-18,0],[0,-18]],"c":true}],"e":[{"i":[[0,-5.75],[9.941,0],[0,9.941],[-9.941,0]],"o":[[0,5.125],[-9.941,0],[0,-9.941],[9.941,0]],"v":[[27,0],[0,16.75],[-18,0],[0,-16.375]],"c":true}]},{"i":{"x":0.667,"y":1},"o":{"x":0.333,"y":0},"n":"0p667_1_0p333_0","t":47,"s":[{"i":[[0,-5.75],[9.941,0],[0,9.941],[-9.941,0]],"o":[[0,5.125],[-9.941,0],[0,-9.941],[9.941,0]],"v":[[27,0],[0,16.75],[-18,0],[0,-16.375]],"c":true}],"e":[{"i":[[0,-9.941],[9.941,0],[0,9.941],[-9.941,0]],"o":[[0,9.941],[-9.941,0],[0,-9.941],[9.941,0]],"v":[[16.125,0],[0,18],[-18,0],[0,-18]],"c":true}]},{"i":{"x":0.667,"y":1},"o":{"x":0.333,"y":0},"n":"0p667_1_0p333_0","t":53,"s":[{"i":[[0,-9.941],[9.941,0],[0,9.941],[-9.941,0]],"o":[[0,9.941],[-9.941,0],[0,-9.941],[9.941,0]],"v":[[16.125,0],[0,18],[-18,0],[0,-18]],"c":true}],"e":[{"i":[[0,-9.941],[9.941,0],[0,9.941],[-9.941,0]],"o":[[0,9.941],[-9.941,0],[0,-9.941],[9.941,0]],"v":[[18.625,0.125],[0,18],[-18,0],[0,-18]],"c":true}]},{"i":{"x":0.667,"y":1},"o":{"x":0.333,"y":0},"n":"0p667_1_0p333_0","t":57,"s":[{"i":[[0,-9.941],[9.941,0],[0,9.941],[-9.941,0]],"o":[[0,9.941],[-9.941,0],[0,-9.941],[9.941,0]],"v":[[18.625,0.125],[0,18],[-18,0],[0,-18]],"c":true}],"e":[{"i":[[0,-9.941],[9.941,0],[0,9.941],[-9.941,0]],"o":[[0,9.941],[-9.941,0],[0,-9.941],[9.941,0]],"v":[[18,0],[0,18],[-18,0],[0,-18]],"c":true}]},{"t":60}],"ix":2},"nm":"Path 1","mn":"ADBE Vector Shape - Group","hd":false},{"ty":"mm","mm":4,"nm":"Merge Paths 1","mn":"ADBE Vector Filter - Merge","hd":false},{"ty":"fl","c":{"a":0,"k":[0.2901960784313726,0.5647058823529412,0.8862745098039215,1],"ix":4},"o":{"a":0,"k":100,"ix":5},"r":1,"bm":0,"nm":"Fill 1","mn":"ADBE Vector Graphic - Fill","hd":false},{"ty":"tr","p":{"a":0,"k":[0,0],"ix":2},"a":{"a":0,"k":[0,0],"ix":1},"s":{"a":0,"k":[400,400],"ix":3},"r":{"a":0,"k":0,"ix":6},"o":{"a":0,"k":100,"ix":7},"sk":{"a":0,"k":0,"ix":4},"sa":{"a":0,"k":0,"ix":5},"nm":"Transform"}],"nm":"Group 2","np":3,"cix":2,"bm":0,"ix":1,"mn":"ADBE Vector Group","hd":false}],"ip":28,"op":96,"st":-5,"bm":0},{"ddd":0,"ind":5,"ty":4,"nm":"send Outlines 3","sr":1,"ks":{"o":{"a":0,"k":100,"ix":11},"r":{"a":0,"k":0,"ix":10},"p":{"a":1,"k":[{"i":{"x":0.667,"y":1},"o":{"x":0.333,"y":0},"n":"0p667_1_0p333_0","t":90,"s":[148,128,0],"e":[128,128,0],"to":[-3.33333325386047,0,0],"ti":[3.33333325386047,0,0]},{"t":98}],"ix":2},"a":{"a":0,"k":[12,12,0],"ix":1},"s":{"a":1,"k":[{"i":{"x":[0.667,0.667,0.667],"y":[1,1,1]},"o":{"x":[0.333,0.333,0.333],"y":[0,0,0]},"n":["0p667_1_0p333_0","0p667_1_0p333_0","0p667_1_0p333_0"],"t":90,"s":[200,200,100],"e":[400,400,100]},{"i":{"x":[0.667,0.667,0.667],"y":[1,1,1]},"o":{"x":[0.333,0.333,0.333],"y":[0,0,0]},"n":["0p667_1_0p333_0","0p667_1_0p333_0","0p667_1_0p333_0"],"t":98,"s":[400,400,100],"e":[440,440,100]},{"i":{"x":[0.667,0.667,0.667],"y":[1,1,1]},"o":{"x":[0.333,0.333,0.333],"y":[0,0,0]},"n":["0p667_1_0p333_0","0p667_1_0p333_0","0p667_1_0p333_0"],"t":104,"s":[440,440,100],"e":[380,380,100]},{"i":{"x":[0.667,0.667,0.667],"y":[1,1,1]},"o":{"x":[0.333,0.333,0.333],"y":[0,0,0]},"n":["0p667_1_0p333_0","0p667_1_0p333_0","0p667_1_0p333_0"],"t":109,"s":[380,380,100],"e":[410,410,100]},{"i":{"x":[0.667,0.667,0.667],"y":[1,1,1]},"o":{"x":[0.333,0.333,0.333],"y":[0,0,0]},"n":["0p667_1_0p333_0","0p667_1_0p333_0","0p667_1_0p333_0"],"t":112,"s":[410,410,100],"e":[395,395,100]},{"i":{"x":[0.667,0.667,0.667],"y":[1,1,1]},"o":{"x":[0.333,0.333,0.333],"y":[0,0,0]},"n":["0p667_1_0p333_0","0p667_1_0p333_0","0p667_1_0p333_0"],"t":115,"s":[395,395,100],"e":[400,400,100]},{"t":118}],"ix":6}},"ao":0,"shapes":[{"ty":"gr","it":[{"ind":0,"ty":"sh","ix":1,"ks":{"a":0,"k":{"i":[[0,-0.624],[0,0],[-0.207,-0.016],[0,0],[0,0],[-0.001,-0.208],[0,0],[-0.558,0.28],[0,0],[0.619,0.31],[0,0]],"o":[[0,0],[-0.001,0.208],[0,0],[0,0],[-0.207,0.016],[0,0],[0,0.624],[0,0],[0.619,-0.309],[0,0],[-0.558,-0.279]],"v":[[-10.068,-9.161],[-10.076,-1.538],[-9.71,-1.141],[4.949,-0.001],[-9.71,1.139],[-10.076,1.536],[-10.068,9.16],[-8.854,9.91],[9.458,0.751],[9.458,-0.751],[-8.854,-9.911]],"c":true},"ix":2},"nm":"Path 1","mn":"ADBE Vector Shape - Group","hd":false},{"ty":"fl","c":{"a":0,"k":[0.20392156862745098,0.5647058823529412,0.8627450980392157,1],"ix":4},"o":{"a":0,"k":100,"ix":5},"r":1,"bm":0,"nm":"Fill 1","mn":"ADBE Vector Graphic - Fill","hd":false},{"ty":"tr","p":{"a":0,"k":[12.077,12],"ix":2},"a":{"a":0,"k":[0,0],"ix":1},"s":{"a":0,"k":[100,100],"ix":3},"r":{"a":0,"k":0,"ix":6},"o":{"a":0,"k":100,"ix":7},"sk":{"a":0,"k":0,"ix":4},"sa":{"a":0,"k":0,"ix":5},"nm":"Transform"}],"nm":"Group 1","np":2,"cix":2,"bm":0,"ix":1,"mn":"ADBE Vector Group","hd":false}],"ip":90,"op":120,"st":85,"bm":0}]}],"layers":[{"ddd":0,"ind":1,"ty":0,"nm":"Comp 1","refId":"comp_0","sr":1,"ks":{"o":{"a":0,"k":100,"ix":11},"r":{"a":0,"k":0,"ix":10},"p":{"a":0,"k":[64,64,0],"ix":2},"a":{"a":0,"k":[128,128,0],"ix":1},"s":{"a":0,"k":[50,50,100],"ix":6}},"ao":0,"w":256,"h":256,"ip":0,"op":120,"st":0,"bm":0}],"markers":[]}
